topic_completion_pct,days_until_deadline,avg_mock_score,free_time_available,daily_study_time
37.454011884736246,47,59.429075056177474,263,103.68358141380943
95.07143064099162,12,93.64491738836605,86,70.65720506019127
73.1993941811405,62,87.61051925980425,240,25.200029195610043
59.86584841970366,80,27.775262374926115,229,63.697276541442825
15.601864044243651,83,85.14486375512654,246,116.55945221745306
15.599452033620265,8,0.03325061204894064,234,200.78006443406431
5.8083612168199465,149,1.7687809613257222,281,137.9800256817401
86.61761457749351,81,60.255316384286495,292,44.77385759776044
60.11150117432088,118,36.47982191445295,221,49.52839861387709
70.80725777960456,25,38.64608411591471,224,79.9034552284097
2.0584494295802447,89,56.44410906788825,193,128.61568529299637
96.99098521619943,12,19.17824555918606,194,94.32926006625252
83.24426408004217,143,21.175535066547834,283,49.52551236026203
21.233911067827616,59,48.46015870188647,283,113.86745746644917
18.182496720710063,154,75.4253544343863,212,88.09733304825417
18.34045098534338,109,61.94977514075877,92,92.0
30.42422429595377,26,29.73550482368389,114,114.0
52.475643163223786,47,43.03371775089212,245,82.56478744206836
43.194501864211574,32,17.06647585499984,66,66.0
29.122914019804192,10,7.462981433708171,116,116.0
61.18528947223795,16,78.26960407441493,185,89.51441965712125
13.949386065204184,145,26.53874091881946,71,71.0
29.214464853521815,151,17.77663878512482,75,75.0
36.63618432936917,26,69.16180555693194,267,83.52776797659864
45.606998421703594,86,61.8051674287186,102,76.30760487224133
78.51759613930136,135,63.318962601346406,176,43.024580093311684
19.967378215835975,14,22.889460484661363,287,180.51010816641883
51.42344384136116,79,23.2645538562681,264,82.15372289681379
59.24145688620425,117,22.080262978563916,194,98.63368828554243
4.645041271999773,7,17.375259566229452,287,218.064488108115
60.75448519014384,137,65.57236725616563,170,62.91533026317106
17.052412368729154,115,84.80158852494014,110,110.0
6.505159298527952,176,72.43174696766613,260,113.8409310346167
94.88855372533332,72,79.20936337605433,219,26.342800987763244
96.56320330745594,59,40.479842908519984,134,41.14024497929506
80.83973481164611,82,65.40757953719981,67,54.789725219550014
30.46137691733707,116,35.42362404447745,284,117.10184822611924
9.767211400638388,167,52.550462196864004,274,110.69479660201539
68.42330265121569,146,48.163484653486236,276,47.7271406103001
44.01524937396013,103,17.68871451438544,259,99.96495592692942
12.203823484477883,17,38.70787603356308,104,104.0
49.51769101112702,14,96.3822275482351,273,87.37023518288758
3.4388521115218396,159,24.85802577149421,118,118.0
90.9320402078782,152,13.380373627948872,191,51.09423011148999
25.87799816000169,108,41.85806216239353,163,107.39436657531542
66.2522284353982,45,79.03377358601482,254,55.922223230789456
31.171107608941096,98,58.21482297799723,216,103.30783054043965
52.00680211778108,131,68.09748272382446,292,45.29235707359042
54.67102793432797,37,18.96948481746772,216,93.29074022279872
18.485445552552704,171,61.894819300772156,157,105.60395832804308
96.95846277645586,168,32.35003949114738,285,51.84349751842953
77.51328233611146,108,83.43033659547675,215,30.48215452071775
93.9498941564189,39,62.92988060107362,264,18.64015130313836
89.48273504276489,15,19.885627777529592,138,90.10489886146502
59.78999788110851,120,6.4616679844086145,183,84.79221090509755
92.18742350231169,4,4.263320928703274,274,168.78424944243307
8.84925020519195,93,37.14085676501407,231,121.7132116011903
19.59828624191452,153,26.585113665431347,277,118.53187720502048
4.522728891053807,141,64.60901234625081,63,63.0
32.53303307632643,161,49.933383497861826,149,73.55020466586376
38.8677289689482,16,26.60192780053807,163,138.0519690996541
27.134903177389592,170,14.923777795017612,196,131.09313480847706
82.87375091519293,108,12.71997626874496,178,71.91111049345928
35.67533266935893,126,86.46603921404177,192,63.68304498762599
28.093450968738075,55,24.347796840486723,115,115.0
54.26960831582485,170,65.17106479109684,155,66.02082260692039
14.092422497476264,34,81.06859279862663,271,116.06710735177069
80.21969807540397,158,61.408131118473605,237,48.92419821456535
7.455064367977082,13,85.95652316469457,134,130.68647452342913
98.68869366005173,141,39.23937215284745,202,36.057675118440294
77.22447692966574,18,95.62221906489484,91,57.31499536181703
19.87156815341724,160,13.314500417809693,87,87.0
0.5522117123602399,96,10.21495296575381,81,81.0
81.54614284548342,123,65.86921462074436,292,47.4748573683061
70.68573438476172,39,94.28311414132618,76,45.831487644381625
72.90071680409874,46,80.8883461636328,118,61.629266783511206
77.12703466859458,29,7.641685943805143,149,90.39112962944264
7.4044651734090365,62,27.936771393471638,295,128.0807861571517
35.84657285442726,16,93.03188848378237,258,112.92118260493346
11.586905952512971,121,25.305843280078456,165,136.87143653779677
86.31034258755935,10,78.11704237869192,244,70.20069601180988
62.329812682755794,158,82.51321959287039,85,44.78320480884189
33.08980248526492,153,49.54521034609818,84,84.0
6.355835028602364,103,38.63489098483155,197,133.81293636369654
31.09823217156622,84,45.012443241975966,104,104.0
32.518332202674706,133,22.696469436536415,142,113.00591830972654
72.96061783380641,65,88.93909161288443,70,57.261717797822875
63.75574713552131,177,45.06196567297579,264,77.25356030740178
88.72127425763266,3,88.24594404560997,240,185.72877629887924
47.22149251619493,173,10.56934799062741,259,109.79711270657083
11.959424593830171,142,98.82752710001313,163,81.82269958145125
71.3244787222995,120,44.32730874436183,127,64.65780407165434
76.07850486168974,158,4.783082039410546,298,92.78757457796141
56.127719756949624,68,3.8021848237454914,154,97.14367005372449
77.0967179954561,146,74.62072574818386,215,30.541237378507695
49.379559636439076,37,65.90355342036808,262,74.6612882809598
52.27328293819941,153,80.21305581275875,294,49.99183263820649
42.75410183585496,176,10.536753395280595,124,96.97081147613682
2.541912674409519,73,3.557086703554835,108,108.0
10.789142699330444,143,50.857928944757845,234,103.2227261330077
3.142918568673425,49,38.759523148276955,111,111.0
63.64104112637804,121,46.19469366709558,161,76.41661518289932
31.435598107632668,88,99.1588408870274,275,65.58923782920262
50.85706911647028,140,97.07499576706702,241,69.36970080784246
90.7566473926093,37,94.23153896731928,247,30.749017522520525
24.929222914887493,61,78.38426767676738,116,104.3811704144448
41.038292303562976,171,35.48413602568904,106,87.56527075325826
75.55511385430486,124,41.21309302627716,218,66.41584996773884
22.879816549162246,39,54.96160437189245,292,101.54055508145123
7.697990982879299,63,83.05344564048399,233,117.61426914175173
28.9751452913768,46,6.871283251826776,85,85.0
16.122128725400444,88,42.429688588488816,173,123.87735736202117
92.96976523425731,11,8.261766345926869,64,64.0
80.8120379564417,62,51.46575865735116,143,42.56890042114893
63.34037565104234,77,89.89008240062354,111,54.18037182468623
87.14605901877177,153,78.24849245639379,164,17.51418856699848
80.36720768991145,52,22.784241754310997,262,72.4881189693089
18.657005888603585,4,97.59908495987925,113,113.0
89.25589984899777,59,66.73503980464284,220,44.332898646533934
53.93422419156507,72,1.0427699397403067,237,90.16360213532411
80.74401551640625,148,25.541348468521953,225,65.38668800450638
89.60912999234932,93,26.071329991991654,214,58.987858434136356
31.800347497186387,63,6.9254306285859935,285,115.70572694073282
11.005192452767677,54,95.9826518075929,74,74.0
22.793516254194166,117,47.825529457592374,283,110.17164592384947
42.71077886262563,110,89.5814597371882,120,61.65552725230744
81.80147659224932,74,32.221550344462834,181,48.75895815151395
86.07305832563435,107,12.523357043282711,80,42.711903432260186
0.6952130531190703,57,47.43361099062139,105,105.0
51.07473025775657,169,11.395663471431716,256,80.53799017456383
41.7411003148779,3,48.601550297753995,193,193.0
22.210781047073024,120,92.02971812194077,97,83.30654439780076
11.98653673336828,6,52.07681418342127,121,121.0
33.7615171403628,5,61.649972689508346,145,145.0
94.29097039125192,5,15.66384369738083,249,144.58262989658675
32.320293202075526,54,4.373562587996949,269,132.0708918060682
51.87906217433661,47,11.080796217980705,137,106.56941787985464
70.30189588951778,177,59.853157568436565,261,55.757943655153866
36.3629602379294,9,9.501169899230465,105,105.0
97.17820827209607,99,37.59928899413114,200,23.71693104927235
96.24472949421113,20,55.009194045815605,282,58.81856028275089
25.178229582536417,122,38.8652798629847,281,115.61217908184497
49.72485058923854,61,16.36838014653015,62,62.0
30.087830981676966,123,27.379130751410653,281,107.84683955628219
28.484049437746762,163,92.8317532848577,65,65.0
3.6886947354532795,178,67.59822755863554,152,113.97621240525656
60.956433397989684,82,49.60478386798866,67,67.0
50.26790232288615,62,1.2714889986893518,231,121.47453712511324
5.147875124998935,145,99.24154004894702,296,109.49729798932482
27.864646423661142,3,67.14549348946433,294,242.1070815639593
90.82658859666537,160,31.692247734494494,167,52.67298743914787
23.95618906669724,13,87.92686599978381,220,133.8312495903034
14.48948720912231,120,25.84316202918181,268,130.6236836498455
48.9452760277563,125,54.40165791827516,299,88.76369926496578
98.56504541106007,89,63.607076372982505,134,45.37209838754622
24.20552715115004,73,22.106337145372844,136,131.82771480572652
67.21355474058785,68,97.83972788005958,109,43.71260845227023
76.16196153287176,142,74.81919059789975,70,50.40045466958929
23.763754399239968,101,55.781322551106996,154,104.74495770568039
72.82163486118596,98,18.059459817530087,215,73.48970647922509
36.77831327192532,11,5.385820699802613,295,152.46917947558148
63.23058305935795,105,32.005983252098346,129,91.16246366481872
63.35297107608947,67,75.31873359134028,228,48.26606203598456
53.57746840747585,123,26.933129830202507,75,75.0
9.02897700544083,29,53.95562204955051,127,127.0
83.5302495589238,137,72.79471767307432,158,19.728964893015977
32.07800649717358,153,10.794371464646435,107,107.0
18.651851039985424,76,68.52980161158733,243,82.66193044612572
4.077514155476392,170,9.18708877100447,123,123.0
59.08929431882418,9,96.51297421269966,246,107.06208896027144
67.75643618422824,40,48.839413006493956,149,64.40029775600425
1.6587828927856152,25,15.067610770987738,249,162.04288868127634
51.2093058299281,5,34.23836360335465,135,135.0
22.649577519793795,139,41.34164492952615,198,105.21925527498203
64.51727904094498,124,75.81850110765373,160,41.01665259917827
17.436642900499145,38,74.34237860766093,148,123.36669655713848
69.09377381024659,72,61.194050533733105,77,76.87951727263925
38.67353463005374,133,10.593071255849296,78,78.0
93.67299887367345,176,15.15693715876736,274,61.70407199193552
13.752094414599325,90,9.375692064555663,114,114.0
34.10663510502585,146,57.71727832875501,161,83.03454093945939
11.347352124058908,37,87.71384415114039,177,103.45618096020573
92.46936182785628,60,43.38005122547718,269,56.48269102428581
87.7339353380981,176,16.08481739577462,213,73.91470784200877
25.79416277151556,28,55.804232514896704,193,119.78967242992249
65.99840460341791,81,81.17522168657099,63,40.78868052444889
81.72222002012158,114,74.171206151293,167,55.44875293350702
55.52008115994623,40,88.14507796750213,174,57.59767087818306
52.965057835600646,45,27.790209724886783,88,88.0
24.18522909004517,62,19.395386726777485,118,118.0
9.310276780589922,93,87.98164859419387,184,117.61684721548238
89.72157579533267,115,65.75603127780231,157,40.287994418244935
90.04180571633304,67,31.092893000755417,76,56.023089354072525
63.31014572732679,56,74.23480505725092,166,63.13390847380025
33.90297910487007,40,81.51183844803678,102,88.27624835754621
34.92095746126609,98,61.497824034113236,139,95.0135664831889
72.59556788702393,40,68.78841098799151,253,30.214625842037282
89.71102599525771,91,37.52599044426663,221,44.054409686416484
88.70864242651173,33,53.86956673430391,67,51.921308707019286
77.98755458576238,6,52.415917072616224,200,117.62767937506777
64.20316461542878,147,84.80477911307719,165,50.65903955036592
8.413996499504883,80,83.99639802821825,67,67.0
16.162871409461378,168,83.26804693470432,281,112.73405258253183
89.85541885270793,92,1.1031614262465794,155,80.757980295013
60.642905965958995,97,74.95454844688882,287,52.376403294672706
0.9197051616629648,59,75.86763901110048,298,118.11267448830627
10.147154286603211,59,67.83788228551418,153,113.66900518574221
66.35017691080559,48,75.62646578914526,124,51.736662099692225
0.5061583846218687,169,84.19703714967088,230,112.30415276248077
16.080805141749867,13,47.03190541017857,98,98.0
54.87337893665861,107,50.20502134884472,140,63.39085423580545
69.18951976926932,45,12.471405691139047,246,91.91300073527495
65.19612595026005,89,38.53758830473618,143,77.44835326767986
22.42693094605598,170,64.33651799117843,147,90.30282893234312
71.2179221347536,100,78.03997761472745,145,53.71564336550868
23.724908749680008,155,21.720909769121054,152,112.32466552571904
32.539969815926774,166,13.78228991592354,145,116.11258579926235
74.64914051180241,7,66.30420045004922,103,103.0
64.96328990472146,133,0.18798835249106416,196,88.36598876823648
84.9223410494178,45,17.837258430732984,224,71.81754996773817
65.76128923003434,58,2.9071380343953734,133,86.24153496906466
56.830860333547164,31,16.688511785487094,95,95.0
9.367476782809248,23,18.131927992550523,160,151.24709534689467
36.77158030594335,170,38.76735947503942,279,89.32013296172278
26.520236768172545,138,40.2327124686556,215,105.21885377213896
24.398964337908357,160,87.42624706102377,229,69.52672914294229
97.30105547524455,107,51.010971249882516,230,26.954818624654827
39.30977246667604,158,72.34047656122863,272,74.83579128103825
89.20465551771133,39,10.413735792028744,275,65.84719188183331
63.11386259972629,159,22.543875546369385,229,76.34387925643155
79.48113035416485,82,70.29434409786768,163,40.85161657390978
50.26370931051921,100,5.280396046852809,125,106.89050784691503
57.69038846263591,2,48.65976622437531,114,114.0
49.25176938188639,77,59.936896566293385,259,70.77563655999073
19.52429877980445,12,60.214564405248105,235,130.00307713034672
72.24521152615053,39,2.293281126804203,150,79.00821660852915
28.07723624408558,13,32.21080042291855,81,81.0
2.431596643145384,46,63.6490651049154,160,123.09422284362314
64.54722959071678,155,14.899973614924345,214,73.52862939145938
17.711067940704893,113,69.54156483280532,180,88.98176176145546
94.04585843529144,17,74.59252088136745,152,43.50843755516531
95.39285770025873,104,98.19691904461453,254,15.0
91.48643902204485,98,20.984199485640943,167,59.073796709816854
37.01587002554444,88,82.51306676661152,200,71.83518424188476
1.5456616528867428,109,52.0296576918654,232,122.89668724304897
92.83185625877253,163,37.34625961441734,69,32.29551550812238
42.81841483173143,70,12.237675732517793,287,107.89121274111905
96.66548190436696,158,73.55056064875376,68,15.0
96.36199770892529,74,23.585759914368708,241,54.33315722305912
85.300945546736,63,37.142200187304574,214,36.205797376778534
29.444889206958567,156,6.254222689736844,93,93.0
38.50977286019253,60,80.13669158195191,188,82.76628807408227
85.11366715168569,79,76.65885239716434,219,34.724365737007815
31.692200515627768,37,73.36158300423125,148,122.07085813557508
16.94927466860925,22,29.94435104918867,152,144.30382277974823
55.68012624583501,148,17.348007426595725,130,78.98370245082539
93.6154774160781,96,63.75532644702297,126,28.760550222853023
69.6029796674973,68,49.616638411321944,271,45.179178968647804
57.0061170089365,17,17.82524669046416,207,112.68702685874617
9.717649377076853,12,68.59112710498637,176,139.32289316708906
61.500722669916975,150,99.11264318213037,153,51.4301918279528
99.00538501042632,145,74.72195877420377,222,15.0
14.008401523652402,138,73.99863866856118,158,101.44780838991164
51.832965236373674,118,95.03127529305917,172,48.533106838645935
87.73730719279554,22,20.29363675749022,162,92.2316606742654
74.07686177542044,120,56.55499649214404,150,48.59987898399508
69.7015740995268,50,97.96467150338835,149,59.64166058357105
70.24840839871092,14,16.529411097017455,265,115.34268938824871
35.94911512197552,175,70.02519594445211,76,76.0
29.359184426449335,29,58.5810145971902,77,77.0
80.93611554785136,164,58.647909218870694,232,46.726683312680684
81.01133946791808,125,69.76706275200752,175,18.828403362622062
86.70723185801037,7,92.96169228756843,152,85.45165948526929
91.32405525564712,29,78.2581939851338,271,45.23980677397402
51.13423988609378,139,5.613610341621,240,99.16710541051293
50.15162946871996,33,85.27280198757113,150,58.31158622097387
79.82951789667752,134,22.554132992573262,141,62.10071438484325
64.99639307777652,111,37.6914164736372,127,87.70345835246431
70.19668772577033,79,46.17328136123822,252,75.51470267300839
79.57926694361011,160,48.090600075306966,173,48.880392925076094
89.00053418175663,179,43.51803992553568,60,51.54823471544187
33.79951568515358,58,93.73532942158644,117,74.2884390555451
37.5582952639944,26,70.60190076640247,213,79.33280771530639
9.3981939840869,174,63.117064595670634,168,102.67217705517304
57.8280140996174,29,4.984202778294156,207,122.55015150666232
3.5942273796742086,4,90.39133302603747,175,175.0
46.55980181324602,99,90.93901920083962,146,60.58735384308903
54.26446347075766,141,78.02130634301024,69,57.27260068576855
28.65412521282844,39,0.7029203813619156,118,118.0
59.08332605690107,15,5.728025107762336,262,137.6455838761717
3.050024993904943,119,22.522370226848977,100,100.0
3.7348188749214417,29,13.134940814490669,164,155.34863792417752
82.26005606596583,157,39.88360297037295,192,53.93910071211483
36.019064141126286,75,92.26230580877896,181,59.350024126943
12.706051265188478,116,47.206043419699824,252,132.77061611373057
52.224326005480435,32,1.340262643216561,204,101.05274716023193
76.99935530986109,130,28.274568957876202,81,64.87726969498095
21.582102749684317,175,4.459490837296154,157,118.07226941248202
62.28904758190003,84,3.6287622613502157,296,85.96028397241885
8.5347464993768,22,27.571985309555224,228,142.0339092626213
5.16817211686077,27,27.56123386789454,280,143.49097686095232
53.1354631568148,81,78.7126602601604,127,58.28981918778805
54.06351216101065,126,97.4834652781112,256,45.68032121893695
63.742990149820656,92,37.12070938899983,198,81.46477688217814
72.60913337226616,21,42.88868788610386,115,68.70741856358052
97.58520794625346,47,84.47894362860214,238,23.01903238192456
51.630034830119534,101,26.813902009551338,208,102.09310073766534
32.2956472941246,84,15.638180440344795,158,110.70567979295
79.51861947687037,6,85.30896234036504,135,103.98104377880442
27.083225126207424,147,4.650058644006549,85,85.0
43.89714207056361,131,61.96994401994157,174,90.73193189620248
7.845638134226595,1,56.199284746680675,206,206.0
2.535074341545751,58,34.59204475016943,168,133.47744999246598
96.26484146779251,124,31.5189521097359,247,46.84670705373607
83.59801205122058,166,77.18577261816213,258,19.798228334105204
69.59742060936979,15,8.642461076254648,106,106.0
40.89529444142699,162,23.67843093113854,130,104.43798292310784
17.329432007084577,163,73.24487318380898,213,96.0375313521988
15.643704267108605,64,54.83205837264242,99,99.0
25.024289816459532,25,12.798820853358638,192,129.70949053402657
54.92266647061205,24,88.213561428206,208,77.15205951207737
71.45959227000624,12,39.34478465635915,265,112.82448709337146
66.01973767177313,18,82.78683753221728,191,63.99154386960807
27.993389694594285,15,78.77130155277086,82,82.0
95.48652806631941,27,62.4425446471728,165,20.94044794259202
73.78969166957685,72,49.448113129509295,143,52.584518903540946
55.43540525114007,60,97.95508403817568,202,53.609796734396404
61.17207462343522,174,14.496507237981703,175,75.35640080614638
41.96000624277899,145,72.51557275511148,168,65.86541949383827
24.773098950115745,93,19.1190701464789,280,114.36591449797744
35.597267865126156,53,33.82631053323484,195,109.8454664156711
75.78461104643691,8,30.869874337319526,100,100.0
1.4393488629755868,79,94.7035987738723,171,85.15565334088919
11.607264050691624,27,96.73561777882752,206,87.33644405206248
4.600264202175275,174,18.301544423472716,171,133.05387502590742
4.072880231897013,50,2.2035160297504186,162,159.4022276137633
85.54605840110072,131,72.00080396631131,105,15.0
70.36578593800236,93,41.798993387048434,215,59.113759692978626
47.41738290873252,172,8.884024508756438,297,95.78510301590111
9.783416065100148,24,68.37541055770426,278,140.74558977146555
49.16158751168324,60,54.51055282606997,127,78.06625129148647
47.34717707805657,122,98.0516822001106,181,61.555232325035114
17.320186991001517,131,22.740949586137894,74,74.0
43.385164923797305,148,40.397787632654826,286,68.48865484018165
39.85047343973734,46,54.254580339542294,224,101.5738737742002
61.585009805221645,15,79.16999884533517,188,84.31728916000698
63.50936508676438,153,54.88386567200587,254,67.39936233018774
4.530400977204452,17,61.29001608619492,170,170.0
37.46126146264712,126,22.614705158994074,83,83.0
62.58599157142364,84,84.69187280885599,86,68.2674194741404
50.31362585800877,9,42.86305469704757,99,99.0
85.64898411883223,166,14.095962752176927,250,63.18837174188048
65.8693631618945,176,66.41879145054173,248,53.30702775073131
16.29344270814297,63,21.60904531853075,223,126.59617923511915
7.056874740042984,117,9.756251023929973,285,136.64017473910872
64.24192782063156,130,86.19869084042723,280,49.79996796103876
2.6511310541621813,88,46.016226448843966,83,83.0
58.57755812734633,72,74.92837126957764,83,68.40849235752695
94.02302414249576,139,29.05875598063551,293,40.882776120492224
57.5474177875879,64,78.69701349176663,63,49.6158820761252
38.816992620652194,72,11.193592702153033,126,108.03052689275759
64.32882184423532,21,35.597337379485275,93,93.0
45.825289049151664,18,97.80618179735285,244,77.69604695978747
54.56167893159349,64,79.39897163680061,236,67.1358714321024
94.14648087765252,82,49.72559303146882,274,29.778720825068095
38.610263780077425,110,33.97774715618851,240,106.52553568651906
96.11905638239142,95,87.21357000224765,175,22.39239389912364
90.53506419560637,166,54.48477590845157,82,53.72068437590305
19.579113478929642,32,75.84250178691111,168,106.36899617262267
6.9361300875165455,11,75.4107680316164,128,128.0
10.077800137742665,45,1.794567856849183,154,151.1167024403333
1.8221825651549728,33,12.625378279261346,240,169.97536126535965
9.44429607559284,102,65.96293663947422,121,105.28787251289648
68.30067734163569,169,16.161981128587144,228,84.02696510450035
7.118864846022898,136,25.54933446556047,116,116.0
31.89756302937613,11,94.66379541996072,247,115.58320294410399
84.48753109694546,179,56.01822583749119,113,41.21417691817815
2.3271935735825866,88,75.07295069993472,129,118.34055322253502
81.44684825889358,41,55.798073878263985,160,51.68694632197436
28.185477477339994,145,55.25136147827252,116,99.78424947729799
11.816482762165625,76,9.41519101256979,197,155.83604967559236
69.67371653641507,121,34.3663192609103,227,77.12985209424063
62.8942846779884,46,28.24308986865117,194,92.5452815300463
87.74720135270529,160,39.07283656136132,162,41.28598510637534
73.50710438038858,80,79.83441882243282,225,33.933277926111764
80.34809303848486,54,37.19326679168648,144,69.86753840730869
28.203457257130648,86,45.16968192316827,120,113.78612319495525
17.743954377972283,92,39.73813904853165,271,132.54846546396737
75.06147516408583,148,9.340797197529561,62,62.0
80.6834739267264,161,44.10721582507837,187,48.073021669242735
99.05051420006733,168,19.560927304451504,238,27.75037099864306
41.26176769114265,160,18.672329577304147,145,98.60235645959655
37.201808579278314,97,9.403610443426636,106,106.0
77.64129607419969,2,35.667097414176475,255,255.0
34.08035402530179,33,75.74818847894174,279,99.60186483875074
93.07573256035647,158,27.644169058339607,135,44.36170881252093
85.84127518430118,161,31.234910188551357,97,54.88743006575055
42.89940273750184,77,64.26746576724236,223,69.98345697422678
75.08710677914974,116,19.58408125869189,298,70.28329191542953
75.45428740846823,154,89.69579304235343,228,15.0
10.31238688359326,150,52.01905232515544,256,115.14245870554251
90.25529066795667,103,44.7602940320217,200,25.914198810919913
50.525237244785714,166,55.78201919292014,146,86.65574651699347
82.64574661077417,103,16.603431341619547,117,71.68098017810001
32.00496010306117,90,61.34731386391763,109,97.54364834019638
89.55232284962005,174,36.31007366340104,89,60.37626580866403
38.92016787341631,122,89.7186340964619,249,60.82971052584207
1.083765148029836,143,16.885420667768614,160,160.0
90.53819764192636,106,50.705110386544106,84,48.14814393948091
9.128667678613356,119,59.8112629369018,171,112.80182865301518
31.93136375904149,172,3.3383601786381223,214,130.66263436765496
95.0061967050805,49,36.369312475614024,238,35.95029356564921
95.06071469375561,104,73.26352347008329,265,15.0
57.34378881232861,61,82.03775074489734,244,53.748159894301125
63.183721216979926,123,31.316199481728233,185,69.9334426119223
44.84455219783198,134,79.85932723827513,299,58.39155103901003
29.321077169806454,9,96.77558771033888,182,140.0775152015329
32.8664545369916,6,85.6873936075094,106,106.0
67.25184560770384,73,11.76439881593252,177,87.24031973639185
75.237452943768,103,73.97303320855406,287,36.926885719857
79.15790437258485,160,31.966683244054472,98,39.77772099990274
78.96181427945538,41,98.84159894120765,75,36.513081785074526
9.120610304869036,114,48.53589831598871,81,81.0
49.442030470258146,8,12.243389835894103,272,156.2499341509401
5.755876001664428,72,72.51855480273908,113,101.24614065308238
54.95288823237355,178,32.30111983862138,208,101.57830060466877
44.1530501373377,92,99.70781570816617,259,70.54145183902209
88.77041827582998,62,97.97824578545219,75,21.362512873190983
35.09150125520787,84,65.61340180205806,118,100.69124557269073
11.706701642760587,62,12.982644895171758,90,90.0
14.299168205283586,111,68.68609976750291,229,111.29708020217039
76.15106317174723,127,9.30304864600272,261,75.1325247164543
61.82180633162611,7,2.9364159102392318,91,91.0
10.112267612279025,84,82.2958446221486,246,117.4157260300953
8.410680611499743,132,20.975294768368137,221,142.21447181999298
70.096913145912,134,37.90271262190974,68,67.57031045496545
7.276300636419353,58,97.34573899761732,268,86.12264515766142
82.18600592903562,22,33.684050186110326,198,64.09877875238732
70.62422271564962,154,29.648978128331528,283,66.57095213098061
8.134878064189976,127,91.82079996227752,69,69.0
8.483771408519193,3,11.074844531895812,273,273.0
98.66395785011754,127,75.95824101146317,76,41.41069627395083
37.427079575612034,41,98.8065566652774,127,90.52870459550451
37.06421470668909,106,90.12960107746488,107,78.60914909057878
81.27995672575025,14,65.1667918706426,239,72.57130166605161
94.72485773838586,12,31.406079499273197,170,79.11667947963268
98.6001063822871,87,25.43219811783167,212,34.911736395356314
75.33781852589416,12,81.92551048714611,182,76.14089808238808
37.62595855309158,141,87.98219139516952,208,74.50657044153131
8.350071669866876,25,52.54349125456928,160,122.96057694803224
77.71469159274368,45,24.433994078646613,161,74.52118665149311
55.840424973580504,122,11.294320841117356,124,91.05818477335104
42.42220092469763,147,8.717946783183116,250,87.5421106491546
90.6354385094736,55,71.90774473538556,276,23.89774810594769
11.119748230615134,100,42.0118727847725,110,110.0
49.262510429085914,173,90.53598742778703,95,77.23654584082709
1.1353644767419069,136,73.96713007267637,140,121.1230723204928
46.86606419941263,119,19.12604179145867,292,84.41777988612803
5.630327568183735,53,61.377741881569904,186,127.97512664935864
11.881791626807193,32,43.550545439815934,147,116.49489576390117
11.752624677710488,51,57.72497307686131,253,130.01572089135703
64.92103021160635,44,73.80691233385171,163,54.82790346692538
74.60448792654233,82,80.61958810037908,74,40.24691711148617
58.336876509715964,146,84.37373264067243,155,66.1588811796163
96.21725484745419,150,25.397487457202473,226,31.545699071435415
37.48705795237041,37,3.1115599917357684,182,110.49949371414532
28.571208628186074,96,73.92947351647732,257,83.83639468344855
86.85991281894603,56,10.634372625577459,60,60.0
22.359583851945263,105,31.491958861296766,298,101.4628807245427
96.32225394406113,59,0.38171341243471435,210,33.63990963980226
1.2154474689816341,131,68.166948240162,181,114.00628371997713
96.98788267076391,156,16.713201147122124,226,53.37805295991244
4.315991195057611,35,65.52824096916582,185,139.20822010346205
89.11431136980711,93,99.17426171678389,116,15.0
52.77011090862999,97,7.267087161001628,140,94.6367186149669
99.29647961193004,135,7.707801195146069,221,62.092330836758094
7.379656473539886,76,34.03800926666749,228,113.48286926459322
55.38542844013208,49,86.6386514251342,280,57.6141197281238
96.9302535619099,94,21.552986879133186,132,49.51664083394431
52.30978441701488,159,36.037781993034756,200,87.30816588736839
62.93986381352625,24,6.8505406626979575,129,99.37013225654927
69.57486889846172,148,76.31552912588894,65,45.99015503403061
45.454106476777326,37,40.83063427594511,143,72.76081636463374
62.75580800840635,4,75.92487330608428,111,111.0
58.43143119231002,108,90.3607844346795,62,55.55289334552454
90.11580104909889,126,23.276314710128876,140,42.39135522154385
4.5446380341457875,20,80.73960303399514,122,122.0
28.096318959223034,152,5.909389007825327,108,108.0
95.04114840765587,50,89.88473881802473,135,16.59099017475412
89.02637838909163,177,65.07685475587473,171,32.964690699998854
45.56567527857129,179,87.42267241383516,234,53.88895895105048
62.013259780153675,96,0.018839955658189744,168,91.11954077839009
27.738118298113267,105,16.90810703559925,242,124.6718946418841
18.81211597237613,164,38.975938742649205,251,116.3184247537885
46.36984049399822,117,37.950290337471856,124,83.06320591513075
35.33522280260528,98,22.673038292351066,140,110.67246291045366
58.365611185087204,66,38.16119398672001,254,87.27564730367655
7.773463696498483,79,12.884871200025483,277,121.61380184176463
97.43948076661665,162,41.27611292660261,74,46.59962317272743
98.62107444796028,164,80.23543291592642,159,15.0
69.81617140197451,6,47.90700631033512,91,91.0
53.60963663441204,39,1.8000088945214987,155,120.2833409752923
30.952761628632775,170,42.14440415792474,187,87.19947579068844
81.37950197069486,115,2.717501609084416,255,64.51516328744398
68.47311725538793,125,96.62434107067982,205,34.32922525051511
16.26169393448913,12,12.745395942286898,172,161.1947395497898
91.09271844938425,131,70.76883263306188,142,44.68902488558267
82.2537242923169,18,97.27763228920858,102,38.31751640258866
94.9799913291924,40,82.60390516665719,175,20.66258829261034
72.571950838836,21,69.93153751262037,222,68.3156945304074
61.34151959357899,143,83.9460909500767,291,38.160443167125266
41.82430362906189,99,98.17986932606276,137,60.17945964084914
93.27284833540132,26,62.13444972535296,117,48.06522864519318
86.60638895004084,8,55.918480682932646,92,92.0
4.521867010618941,100,62.82381104632814,73,73.0
2.6366974497252005,87,53.2675886761555,221,121.18331352449495
37.64633668780496,42,63.50891059097188,248,77.35926682966333
81.0553330781833,172,44.98422079725592,191,52.57546538076718
98.72761293149445,14,21.84431828833071,275,93.61384435509832
15.041689110352818,78,12.024722651167563,118,118.0
59.41307153521351,2,6.834093553226039,216,216.0
38.08908566310215,119,26.331578375320007,142,109.87403337267536
96.99143978146031,37,4.6123564335733835,193,51.52259054979952
84.21189231357087,69,56.71707799193856,180,61.701092083350105
83.83287047111378,166,28.382844702352028,284,57.011043334709306
46.86931597949703,41,82.45348080870322,236,90.41763455826197
41.48195023376652,62,7.424087298838645,227,105.54019229060651
27.340707193070624,60,22.635149434148595,142,137.85567064876665
5.6375496650927115,125,73.02461470901459,252,119.60169792074782
86.47223762550531,111,59.88082963834914,256,43.6222529183482
81.29010091300776,14,6.449127124916753,86,86.0
99.97176732861305,84,87.72394571622004,139,15.0
99.66368370739053,130,87.72617628261796,193,22.32469858219306
55.543170560262745,70,33.040800387577384,291,86.48288508728616
76.89874151805105,145,34.04058433495647,72,39.858545140668156
94.47657298824281,123,98.90283583501738,299,15.0
84.96473906774115,89,62.61761715931382,123,37.48597235876436
24.734810174319765,28,53.13165205680591,249,119.6564964860757
45.05441353100935,66,83.81521835519244,286,70.04784997815305
12.915941515149498,163,28.529033835731642,206,138.076734127498
95.40510272587224,5,42.91825933963569,263,113.62474896392368
60.617463445088006,168,26.777667548833417,139,80.40577262173737
22.864280550346272,164,78.91608465887315,182,72.54666535415046
67.17006844058567,45,57.3349345635218,102,72.87069834360622
61.81282404578958,151,65.88250701400705,261,57.61259358093256
35.81627180328405,47,25.230724983940654,148,116.40276329732723
11.355759219962902,31,22.02253013773151,207,135.1231783633382
67.15731955927996,139,48.83746289829387,154,74.8157206103089
52.03077009037933,10,73.75657490928268,255,121.50818909556786
77.23183917356393,118,52.523975752016014,231,56.57890411614016
52.01635011119934,14,3.2645677545668605,210,130.77047925716855
85.21815003185401,80,86.85515063202888,61,33.402847505082875
55.190683877448556,93,6.468689351513158,179,89.8823898529429
56.093797153538624,10,95.58244837207522,81,81.0
87.66536026583451,76,2.5141958277272725,174,84.15129813196211
40.3482866212397,94,69.44504561307087,116,90.95444510818692
13.401522845064074,105,8.220706371178165,288,129.9540040331775
2.8782676313338973,1,91.06765794351396,131,131.0
75.5137255673619,133,46.443323622554274,66,42.09259568001508
62.03095513534647,20,13.752377481701538,265,111.81675923555953
70.40797680992236,8,34.08156997898466,243,129.55727232921072
21.296416150891073,171,16.482467534676204,178,104.68816329463631
13.637147558676975,1,17.058191155709,254,254.0
1.4544665667881929,57,94.81083201714422,173,107.08065828176342
35.058755880659696,64,44.52461122847882,75,75.0
58.991768685463306,118,78.88022639053595,142,43.710636900673876
39.22440450997323,28,63.960556117768185,238,100.54224758180737
43.747492202372904,121,67.64263623383923,269,79.07815717507127
90.41586944937484,107,13.169343847203852,267,55.72966450349973
34.82554670233004,165,23.418444681548568,131,98.93761898561509
51.39894891598108,175,78.67503351544369,183,72.60774844760556
78.3653012741143,165,97.0766206474783,284,42.680762563332536
39.65427823212701,49,26.26756425986517,172,102.58040643212809
62.20867002278735,120,27.156876475103985,71,71.0
86.23637087467452,44,47.289713281090485,185,56.39448550253656
94.9520623657642,56,98.38403128554378,112,15.0
14.707348092903793,156,26.895894582647106,134,123.65586081426851
92.65876251614944,111,40.69719096342639,192,48.89367802388859
49.21162930795382,134,89.14800156235067,86,40.85215231938001
25.824438829895836,108,0.29210326213620075,199,141.84216241719238
45.913575623826134,148,3.9765964988569547,204,106.20330974841717
98.0032575285477,114,60.40716770712192,193,22.064192084550232
49.26180939928696,78,90.7380164712847,156,60.88709723311261
32.875161028750824,130,23.885666040192767,64,64.0
63.34008543167258,37,46.9641774680709,116,59.37932631335623
24.014561877819308,20,45.04653016578183,215,143.41155531382213
7.586332810866391,26,47.297134609551016,137,137.0
12.887972191064922,29,62.25196957297452,128,127.65744363726638
12.804583895777244,1,46.974376299068375,177,177.0
15.190269351229436,119,44.74681413224578,179,106.42637967931358
13.882717264941014,35,47.42884204312605,118,118.0
64.08747448032146,59,59.086744127104154,92,62.16731881832497
18.188008439914483,69,53.70074883513583,121,120.67570170627674
34.56672833238632,161,85.41359976505044,109,54.55978764368531
89.67884099060119,179,4.9496853493666615,171,59.64866942168827
47.39616402628724,12,83.33170714730124,292,96.57644250888919
66.75577385210272,20,84.3924612611724,78,70.37062502365264
17.231987120162984,43,28.490802153096084,273,134.8509606537152
19.228901880867078,126,46.285195501585065,256,104.5204953883741
4.086861626647886,50,43.85384885374355,182,126.86447530471992
16.893506307216455,29,21.850983435413028,253,138.31572759984857
27.85903390319586,39,39.67968470863165,281,106.15521428984906
17.70104842767468,171,4.438777217085443,106,106.0
8.87025337570556,178,27.782207278173445,226,126.35555974477819
12.06358711006008,151,81.66821754507181,255,71.34368020233332
46.077876803272574,172,28.456230176289754,92,88.85276428655052
20.63337184057925,38,81.82066687482475,200,91.22875125041075
36.42698610480755,84,53.15994646044309,143,76.6326634627424
50.34172708548569,151,87.98626773611599,241,46.602130942376284
69.03948286293652,128,57.47795542644152,194,57.22187414217242
3.9312139841098936,126,2.966822306473982,138,138.0
79.94103989090426,45,67.54202075470891,274,50.530905581502196
62.79003894909078,52,4.485356802356866,73,73.0
8.17590319488719,80,45.0597018983134,274,130.10328780766315
87.35786241067773,178,92.9426694473114,206,15.0
92.08724005318132,124,16.520393933785016,187,46.738817352810855
6.107795985486375,119,38.98723529415441,113,113.0
27.687764814720374,8,72.98603088484784,280,130.80093167533852
80.62012797930613,85,88.22585560948475,207,27.25006009153351
74.82596903836584,129,67.09430047425079,88,47.083384615958146
18.45210193563773,8,25.81732541911692,83,83.0
20.93493233367103,157,67.46078529162162,141,94.35971911684074
37.0472102791382,96,29.672764110409,122,93.86728039202282
48.45229851910213,102,71.84292298187353,261,76.61066269112452
61.825477153029595,5,95.40331275850406,164,127.30154726825253
36.891363956977244,86,72.13934511062882,116,90.61319611451519
46.25347161331479,175,86.28805029124123,195,53.4374759089402
74.74709381337566,34,0.2103843175883413,277,82.329244007241
3.66832028905979,55,71.75721247315944,121,104.87613065911283
25.243694434402077,119,82.95875568652504,216,82.46458692574795
71.33495858845524,171,4.055873754468142,261,89.31420572727761
89.52068376871993,158,87.15977272882306,76,25.220267713333417
51.167744211566614,114,25.669422831004585,125,100.16773040549214
53.211348526531566,145,66.52921019780553,65,65.0
10.717201133977605,26,80.03548790234066,117,107.45912586031761
44.741236682345466,136,66.26645130593555,128,72.49411600964648
53.261726645502314,47,9.228479207325723,215,94.96034033200063
24.247050363472965,113,59.63215188603683,121,113.66740149496096
26.924323094938096,76,54.95836567221436,228,90.20755497311265
37.728416310462265,72,90.03212680742715,256,83.13694162415972
2.007119777772637,89,40.42397296442092,141,141.0
32.20791655831783,46,32.108109708705015,277,130.90379582188186
21.144800699654464,33,74.98507644364662,271,102.41731030374241
32.74973521779147,1,41.267532608339664,228,228.0
11.976213181925122,147,64.6096175005063,236,131.93685697742782
89.0527280739895,31,64.64500901246069,278,38.5773829085077
59.359245355404866,142,88.80390643601179,236,34.409525711829026
67.91023191444896,53,59.869240231909735,263,42.789009894669476
78.91712386073382,48,50.21536099619869,130,63.51898259644681
49.84421989290573,69,13.8871326396517,190,81.62708851827679
8.69202880874237,105,11.573760667870536,69,69.0
53.71065418185478,90,15.432156528307939,157,98.50195497993643
58.68411180208791,63,17.18484813270945,148,92.51172743636444
74.54394741843299,73,63.78770926636339,94,54.66596165872018
43.16595462296794,161,74.09812502745785,267,75.11347148342347
12.758030279556376,169,52.999152292641874,61,61.0
28.377590579872447,89,82.9017732545491,183,76.26633651355492
36.30822963986351,176,99.12632267336332,83,60.19956672977861
64.59172413316013,13,82.0012629119356,133,75.14258841970229
57.077830466891186,73,69.48823736759591,225,73.32928403643011
35.60967258978462,77,53.24926994371466,81,81.0
98.65152487929797,159,44.88530716747082,213,36.56272881820202
60.577481935688716,68,8.439238054454234,230,104.39077688245403
23.72267917359945,98,39.93687483946909,242,99.63051554922875
10.178247262040374,125,91.01346367821343,98,98.0
15.285913918433202,102,80.8022629906553,278,114.44730158767545
24.595772838450813,132,21.60513650116872,216,125.74575767130108
16.06813732595557,102,46.660778469721585,298,133.32142331120798
18.656702405130577,19,81.67232025585446,289,100.25669486384867
28.50951686938471,82,6.738455478552252,79,79.0
17.33735952947548,141,38.73925856686593,278,109.48607587105217
89.67654246264252,23,85.18412368739476,100,46.685319366016145
8.023374566164222,83,40.389786417012374,241,117.3044212148503
52.451138957025464,109,7.761464473144086,207,105.8302362630801
41.03968269896615,75,54.253436853225146,167,102.20562698105509
98.23786169086064,129,86.17424949182954,206,19.503011556312643
11.203890216805235,88,59.02855429531597,143,117.80116105396998
39.785559904574164,54,22.627910821423182,286,98.281010534966
96.94704332753689,89,38.423962013738134,170,30.990443532430284
86.55071258939803,143,45.01233611819322,125,56.93581190097552
81.707207094928,65,57.92663538205268,217,54.81527294540668
25.790282704493983,76,75.93510257526131,112,92.43091818252097
17.088758739006582,143,9.88736176406354,93,93.0
66.8643219924431,149,88.96520330175663,209,21.750702323551394
92.93759891275857,147,1.230970301607559,126,49.13975229381095
55.67628930139298,60,37.005233467425526,193,103.26861816962483
57.161268946989985,93,2.7420309972657653,266,84.03950393037395
27.997909366028416,161,39.297422534529126,86,86.0
76.94929331919369,49,52.58125988733238,69,67.03859810174517
18.704374855752338,35,51.16813865815117,132,107.44804342086343
32.367923640424365,172,16.562834702826535,284,114.10474050015925
42.54364386164168,102,64.57405100956123,155,89.450446792998
50.7610378684455,11,4.477845050466822,107,107.0
24.240973241508023,99,76.19068201324154,129,121.39822135904394
11.483682473920354,110,94.66444339935462,292,79.04355778307493
61.06200424416326,74,33.97688271511179,246,89.29359645387639
28.863055324025577,174,51.72393817143319,159,96.42052143468398
58.123822142261226,9,37.891027805881436,118,118.0
15.436271527420232,3,0.6710390304059954,61,61.0
48.114010185481746,85,38.587450289511594,216,81.14305563983896
53.258943255158584,26,79.17202592613465,255,78.67577693713673
5.182353682242691,72,59.59888421834818,124,103.3836341390448
33.660427819392055,48,10.125991461515893,142,127.7257181222306
13.441467693897424,156,84.7139489693785,213,100.38827068644676
6.337497047276774,117,53.108534488524285,276,127.76834166839637
98.99602323899452,154,84.17233617446762,69,22.745745171396415
32.235384497472296,153,58.02215187850294,112,95.6977118215825
80.98744458546349,12,55.96884448379399,138,84.17569403728893
25.464065476376383,133,10.52591851970124,118,114.22169039340068
68.15027222239293,48,16.735973313862797,209,76.77620015085184
76.02278598896865,37,97.20252564965911,238,50.75681090148862
59.56387406078443,44,22.848674675477078,107,104.73877902217318
47.15761885501584,15,97.7452117990368,208,84.92200421567856
41.18409141472685,43,53.19127065242634,182,94.30820770833691
34.88682665429953,176,13.578904706393713,81,81.0
92.95291442478259,87,9.930220275369294,159,69.55667032698882
83.06194077877291,70,20.886407070574,157,70.29188106571503
96.50269106665125,46,92.56373300253358,217,37.49718201411075
12.429722348554472,108,41.41502243282268,84,84.0
73.08674752036443,123,39.54342679929144,296,57.42650074021419
93.83404568210378,171,31.320626107017404,87,45.74407709783038
18.123306616566015,21,14.706185056658839,252,154.79802004188608
6.6496267366777495,151,48.78511971924064,172,120.1123953063713
74.11206492900591,107,13.00477825111387,104,65.32883223716183
57.44731131799119,80,83.54802363823276,127,65.84275215212814
84.1828776758272,47,37.03969862753065,66,65.14692450820372
13.97723766262895,117,37.48035677817963,108,108.0
79.52673118598902,124,47.40064284831559,196,64.35963346542427
20.162732004774455,143,44.41277131657516,223,122.82937292540748
16.36559428657045,25,99.48579730593215,142,105.2344720329414
16.426579793099293,36,54.53811212183025,188,120.98923165863485
81.45747202313821,51,8.820170378987068,197,79.4769420671548
66.51972206962002,15,60.687734157692994,223,77.85271348230422
52.30654247691193,68,15.158429286987996,132,97.76749884770548
35.88304841235025,21,3.0937644731341973,296,114.85575771451468
87.72005408131082,141,97.07421536772482,105,26.05349398063627
39.244510742263536,19,77.3538891534564,165,82.77940193027386
81.65994394715771,34,98.01089924137669,219,49.07468706938511
43.91349085702184,78,47.78784480222424,91,85.30164221245795
37.69444294249076,125,53.225753114897614,65,65.0
46.26797856696064,117,16.833695591913024,235,93.31133884974207
30.13778741641421,52,24.69074266675856,225,114.25183712637036
74.76093801762511,27,83.85492149028282,204,66.01543320723236
50.27203900924791,157,35.61856471175942,133,60.22530544531776
23.22126951468173,156,82.6814973796419,173,101.41276386150741
89.95745732745685,35,70.90137242870318,86,42.257805554922925
38.38912213732114,136,17.71709252718655,113,94.3585857087487
54.35528611139886,144,50.744636611974215,237,62.991493874343874
90.6472110964547,106,67.73873215187169,222,46.96433423176696
62.42379959139921,164,23.50372148038251,144,69.41805135678709
11.689804070836407,158,83.06885105200769,186,88.40682225922548
93.98321236134751,146,54.48276575451868,212,43.57320771928702
62.770805307141785,2,16.52420504426032,215,215.0
33.49056146570861,177,58.29844261646024,170,80.80582021775942
13.927207266338726,77,99.9713804155914,74,74.0
79.4025189270296,132,15.052149166341355,191,56.601758441275734
62.00727559285135,90,81.67569301195282,152,63.718647440953845
53.34610919763215,89,20.730900318755797,182,102.52012781981115
89.38925830509577,94,78.23883294600873,132,32.130536146289515
78.85972112245308,7,73.45779231214132,214,109.45656476251786
15.167487973275119,95,30.048938560043236,213,142.68308189011384
31.172206779554823,108,32.58231175644498,206,107.16313024573458
24.848913981446575,74,79.25213919629192,151,80.46303192295622
74.3946292572677,39,46.14455118873126,76,69.84834709720255
3.353243473577938,141,73.08180287118088,102,102.0
56.98896848713165,159,14.798414736583476,180,78.60888330076841
76.24586857406905,71,85.25577819015535,100,34.55386818504017
87.67656367617495,56,71.08847166823192,229,39.87223229929505
34.20817487159075,170,90.69428088348339,237,72.84681266719839
82.12573046720128,42,13.237237903497245,271,63.33737668203886
11.063173695520723,36,59.30145003605977,296,134.39356873764297
84.64522917345182,84,59.912058504032515,227,64.55152974708547
12.748866233198243,118,35.34607405467825,98,98.0
39.72872905603673,7,45.84664245692578,172,149.7358382467118
79.72953657795536,54,3.798156328985347,210,62.14103926627648
14.991742734877377,129,74.5860038627012,170,104.17098413823187
22.92513952326415,172,54.9322479403174,283,113.55448668392576
72.22525683930662,120,5.774105186917378,239,83.80603469885517
72.00365365460743,173,68.07558929604855,106,46.82468669858437
64.11476328852973,106,46.67820772311879,122,61.37039746409329
69.39484444671,47,3.4461259425,284,78.59875412719954
54.27244433475962,123,96.96077268480954,169,59.659723236490926
25.179905890695274,141,94.91121430894405,128,90.0483024594687
34.56959935039195,119,51.290241614719754,102,78.52966264760977
18.159771680142565,150,9.36724207059102,235,146.38833039970208
90.84505613336283,118,75.46212215985918,93,31.401883131240815
58.339179476612046,21,49.1931100105729,99,99.0
40.08514167636399,137,30.24474782893799,262,85.02084196081222
46.20058036441327,26,49.14181775285568,120,84.80103843577373
94.72833396118153,9,52.244414540546444,237,83.21532122642783
15.33514031160802,15,56.27116990223392,254,144.8904523395603
58.62298320167972,10,44.12237136553265,121,121.0
50.5888678884466,122,60.575530313905666,117,80.2825167484896
61.14542354346478,121,91.87347106063774,220,44.623259563054695
1.8110183820840509,125,36.226808709859114,134,123.81188518632744
87.21239089441515,170,72.5716463219949,75,41.74296814236713
93.21182824836124,72,89.44525568242322,141,15.0
56.51331835892089,152,45.597927575993694,153,90.261877085016
69.66508238768922,49,44.34558363819041,107,65.52236092980353
92.24993811772957,154,60.21169853547795,197,46.7967865874632
70.72386343133986,91,59.14067594224881,141,61.98961699263401
15.253904291426135,37,80.6589342326277,97,97.0
57.62883601668132,68,47.64833837782927,186,70.70597225261336
60.67150463828559,50,99.61229496394411,78,46.11326910628155
42.4130671302386,152,5.947156886728077,223,112.18599503436026
73.64442356247228,19,0.31678485807017376,246,103.284538444354
93.43670147690149,100,64.01983115596238,122,23.61526886443027
92.55685129067763,60,29.84349123618767,136,49.19842232138555
45.08393714041321,167,24.03823886994838,233,96.676725697852
11.323804584075525,89,31.189908000428048,190,107.4118779996522
98.48411989623345,146,25.60475651049543,261,46.7198405306524
83.88980864459342,147,3.079004966044785,161,58.17483716943381
12.466268120326685,164,97.15330423905887,124,80.47253621589132
92.08418826173724,69,22.074548845278173,179,37.251470656110776
86.98963620621282,175,73.40297625893064,150,15.0
51.88380571260721,49,76.25963946941752,297,56.63598115421419
59.127543574492925,108,92.92573980072292,67,41.94900657847033
39.90027038701302,161,3.0549457093379973,238,131.21043819569547
5.476163882203133,119,87.20483384470077,297,99.86430310876334
33.519724164590095,149,52.722618083980024,293,95.2521725540868
80.28534485980114,150,63.25441099658279,268,45.42559684030408
0.4632023004602859,176,64.44702771210336,132,121.46484479655561
33.34991716911442,37,81.97978049847275,193,88.39927148790278
39.81686935909433,143,33.34073221591105,166,85.05633039346118
53.73956029379229,163,73.30511898599934,148,77.18464035857684
91.98556164127605,160,52.85781097221971,98,52.782499308992946
34.634599436596126,11,79.33940143053478,172,104.32365836145507
34.69532018962277,138,99.05460327701334,247,59.160280668803864
73.75012481097484,78,20.06510174037612,87,69.82947730532345
45.221794088980715,77,99.46486415599979,156,51.89390237742397
22.460482293998197,153,8.9812154282774,241,131.3765393826309
45.24395161326934,2,0.23175479048138659,96,96.0
14.085702037979985,64,4.416193617783126,196,163.1692618311945
17.63869865062233,35,34.17824047367617,141,141.0
49.83677727394797,7,63.290633067843416,115,115.0
41.89254495045479,85,6.902954088784963,246,120.80819357952653
91.48459010681,146,0.566581452956727,144,72.7157809445313
36.23938991166331,67,93.70910284587947,61,61.0
58.05883502780434,42,82.19266359399296,248,54.587422634541426
63.22642879195304,118,80.9183171139031,117,51.3331314163851
1.3094456588333636,125,88.4424275501977,166,117.08570181104723
66.35373720167107,167,70.00342727721043,182,53.0291651223058
17.803596686975144,169,10.440412974808144,247,114.16481188536761
96.10703174694551,24,39.9100188073723,289,46.743047743193245
14.866272775311295,46,72.31494864646295,227,109.10608948290476
41.462412372702374,19,28.033446079152093,223,120.07999801814748
8.534966807864386,68,68.74063641362376,173,134.17307792969243
99.68742518459473,102,2.449844826765235,166,40.129733762346405
50.21950103312426,42,30.613734087959322,96,96.0
59.53850173200438,32,54.91303362771727,138,93.52111253741988
6.7076477388427485,167,63.208982950624225,151,137.396370216121
74.99604703991778,109,57.704066446191085,77,46.695101468449806
20.990559309558577,36,69.77562760734295,157,112.92481030286082
89.80542894407138,97,0.608874823983907,122,70.74237639118087
20.513964048200716,164,10.094119997752149,209,129.442573756261
19.068772066366655,131,86.89442522791451,198,90.31235720041282
3.654966784809488,73,68.17486440901612,245,123.46666997417606
47.206694510999924,136,11.29316426860113,244,75.50073309073795
56.48411332626164,97,84.20744373985792,264,63.38749887969344
6.570863942835237,123,24.22312178245669,63,63.0
77.55276166950105,70,47.825988419522346,273,53.45235229581227
45.32888347480276,169,14.51965128846603,194,120.83849271981661
52.439026932758004,13,71.01100564217066,120,93.76766851978962
44.07627469382282,49,66.68544210142679,166,78.75432599746654
40.0763060875326,60,21.11124711661362,113,113.0
55.96403313082179,130,86.34007668570018,147,46.3914693239834
15.52402459307125,5,40.13060242197122,127,127.0
18.19281304952711,172,29.25150910707418,279,118.61815490681334
86.17856210135173,27,15.232958946453545,266,83.13082176523551
94.61154621336327,160,26.616801251553746,188,47.283078234392995
37.330931627975296,149,2.2026921223816998,114,101.9971735372978
27.074467314355378,8,58.32574924561156,62,62.0
64.39995432390158,50,84.22307463439479,265,47.41496402677891
40.87341710980964,67,54.898044944164184,225,88.368036533042
2.538635566034486,44,21.927396192387572,180,152.1197392877064
15.615259736619036,125,3.366917821387272,188,140.88333891156705
71.59722288473975,58,21.462807325880284,161,58.531945567008506
65.89239419101514,3,41.61214280710923,97,97.0
2.709599250348349,86,75.96114286997965,144,117.64947126300014
22.197216193294945,70,18.784285253777412,299,139.39881879861252
23.10747965880714,130,71.97914533546862,216,99.19108479251912
67.18927435987284,172,86.69334683518836,192,53.384258544076644
1.9710537754364155,2,45.394684810835706,261,261.0
10.410858198457385,102,82.14319916425933,151,116.88176056575415
79.99160853731894,35,55.46573480350956,80,61.783744706818354
17.85446620543336,98,63.709083708090496,258,104.41388029241888
65.27461078518748,30,52.62784603382027,254,97.80248006903787
23.81827810467265,116,46.31727167513417,168,116.22380210814538
9.944139275934516,8,23.465344177584935,106,106.0
24.317219099945408,150,30.319405946104606,143,101.09336709495226
72.22669318556592,44,28.997011894360902,142,61.755361056254614
85.56964681062857,36,56.328893095381474,94,53.08195035198812
83.02198645669915,77,11.995369302388992,255,68.92904736329525
39.71835296184548,31,91.67916907023351,128,74.42986911101912
66.80851365706462,47,72.06551452831133,188,59.20685394724074
20.498429541582098,55,40.14456309131936,255,134.4064672841033
29.314773026101328,106,15.862414452637797,199,124.42502562515823
89.63358185211197,158,88.19921697216358,247,15.0
1.3001923510736035,121,82.37780901011652,86,86.0
8.550853085446807,55,72.17215527171793,115,106.4043135610777
20.78862551460273,144,27.154704741124235,293,115.22924517297176
2.6532203873819715,12,40.24466374336689,82,82.0
18.143543508979732,145,10.274825245242337,212,125.390863904428
58.304156096969216,144,18.903952472753172,80,73.16473616914247
42.1424550592498,140,78.30166373167329,120,71.00159483116022
89.26717110769748,136,71.50387188506838,122,23.051287169530525
81.7443561738441,3,59.34857629759347,181,175.95353544400314
34.1817351697876,144,89.57267259261728,111,95.03387100114263
25.94234334312925,30,58.32665178130454,147,122.44869397505187
37.96924081672669,23,46.69679999636107,212,106.65848237062542
59.02949425148078,92,34.03707463057627,296,79.57494153933273
26.806364082287626,115,94.04485057361725,114,68.80249324468464
62.4148907849134,104,8.271546152435349,105,105.0
40.941165219124045,118,93.08873720608084,91,85.72464126115987
55.204718085198024,5,82.67146599310183,114,114.0
43.61265291353167,104,12.992992453570128,155,114.93384960922901
29.44657595419177,108,56.49843576752536,192,98.68670358101441
94.84533069621567,65,86.65479817490869,95,15.0
76.36057941597608,121,57.18091636071537,169,45.062960118988336
14.011317576645254,30,90.71998215606223,293,108.61463767970989
86.84679758979128,149,94.29838168160425,236,15.0
48.743119824951364,84,42.23845221843059,165,83.90350224386394
89.45522268940914,150,37.73136614063236,117,44.09843199851687
79.98552559473153,32,93.63211539691568,98,38.01463172815602
42.52135044692334,161,67.5140061149668,139,77.34982146267988
2.24693083201174,16,11.602268134816928,156,156.0
26.867735938494608,38,4.22917492226812,172,127.00540984593407
54.16342146608669,142,56.46290509972631,272,58.28041008761383
63.347821982614725,36,93.01709654384246,120,63.81067413121493
25.788768543320227,151,84.42487024058184,196,64.2535851961313
13.935607407282413,114,67.58477464643364,65,65.0
83.4930236799299,66,13.911584889108752,168,80.99043542390173
98.44021807035521,105,25.42313837486956,94,40.58831163428855
52.56901823026858,85,87.55112265526162,98,33.50640250500409
17.16792858483035,2,18.280723665690047,209,209.0
27.230732651936897,75,27.843940825043457,228,114.87212198931985
1.8390676547466733,67,12.960065119544195,177,139.03760415335626
91.4298806560499,151,67.61082314144112,64,22.923782113292805
11.775108289014113,154,94.39823053632097,229,109.57448167821218
57.651647551425356,55,26.896803159538596,146,94.64013158273185
27.4055220687206,6,47.54066078500737,268,172.91183972832803
55.417800251579344,163,63.43397397112043,135,49.95670572948282
65.14203883518643,150,99.94662482156306,274,34.947808911267664
82.97418037072016,171,10.480806499757211,267,62.57482519408399
20.64212717606032,143,49.85707995057091,254,112.88782821879089
1.0995828658480478,86,38.51201199025,217,130.10519750172244
13.688563006880727,60,86.58201652223552,116,106.46875781895348
90.00186418481051,101,47.59677310116559,186,60.501784714713935
87.38900775625153,12,11.097752458514808,273,106.88379290560034
59.74131021703083,49,63.44241452865836,260,68.26067907798532
60.051686043365336,42,77.07806182638798,88,61.48254023766963
66.50366745462554,166,0.28812516656145926,298,82.7975868130661
17.53712786234496,82,85.89566854206295,224,107.41900796675478
91.44119459249598,173,18.60230000056656,146,45.874694358112336
41.87705248920731,35,55.20693646533778,200,95.25742065383793
38.31385282494975,158,41.579750068745014,219,94.57280812151392
51.89177052828376,158,71.96538166105304,105,60.27225367509972
4.696596677505505,134,37.116161478574185,175,116.75201038794847
16.628336875607943,67,86.97631766817108,298,100.57593589364738
73.80336164263704,80,73.04963609587902,171,45.31178059086961
8.279866792512646,7,64.77131710629214,210,185.7654507772784
60.31521094663882,14,79.62405955628543,104,80.25104192511253
24.534910968132095,73,75.40230349283823,204,106.82146534207243
38.929561404197656,143,3.5938674921553337,163,104.00227053410973
28.869373677069987,149,39.47343538448281,144,121.87001616885411
35.567271646494916,163,93.08072973164899,253,53.48348305197467
71.90459051842456,66,12.572426899222622,288,83.73265425329062
29.7121715623175,91,73.70965504320512,193,93.68181323585166
56.64046402968972,130,97.45918113353297,167,40.52052857028882
47.60504021990997,163,5.219862904497163,77,77.0
66.36711653626482,20,68.21938806266104,153,87.31837613000626
93.6829739324758,10,46.815414130103036,209,60.741130608932025
73.25720972102503,25,57.917525537472216,92,72.81147558514701
21.494037859075675,25,8.534133648432485,217,119.30618711340732
3.1183135061284672,54,4.3006951866939485,268,144.33395012455176
26.22640442998251,33,66.68666605509218,185,121.87344134299602
59.507793070025485,164,82.33094298207179,294,46.55769559282295
5.1425813484250344,95,78.20153349329672,219,99.28101015557372
49.636624720123635,14,54.38057278662374,229,106.9079973110034
59.68428489168892,65,9.986682113617817,265,113.69374512544539
33.424389081696084,110,68.80444438360138,181,68.40202079989751
77.09122037458219,80,24.188888355414594,197,56.55123633131706
10.65982531337718,54,91.10687027673836,298,118.02031563930915
7.513778173580876,125,83.82653595457049,174,123.14997728451121
72.81887562036033,131,70.93829670873909,223,44.49445767549705
49.549131620619846,169,94.88459558311304,221,43.576623444214015
68.84023964277361,134,3.142182151127293,260,104.27844758333643
43.48273386037462,25,73.6200425060762,293,105.65166880407924
24.640203323910683,141,33.02427793364053,87,87.0
81.91023176741997,117,90.60658856863652,70,18.935954732391835
79.94158789689793,136,26.66751966619776,265,59.91082944985812
69.46964708544267,149,72.48564993150171,226,46.03963183634474
27.21451372299627,25,87.76470196507815,106,102.21164834062043
59.023066686908706,79,4.165681838268243,186,109.73322069932115
36.09738969400268,68,39.764757959203614,206,110.16734291424012
9.158207332663416,173,76.23090320219387,177,94.8427537067967
91.73135754622427,12,45.49188895075871,202,90.95432914525841
13.68186309189614,32,26.72526297935953,185,141.71182681855564
95.02373538208025,128,21.980534882319002,215,54.76290513534941
44.600577295795574,96,13.15182669163779,211,118.69725128450489
